track_id,track_name,artist_name,release_date,duration_ms,popularity
1,bcongrave0,Binnie Congrave,9/26/2001,Female,87
2,jfehners1,Jesse Fehners,3/23/1997,Male,63
3,dwimbridge2,Dacey Wimbridge,4/30/1970,Female,76
4,jcaldwall3,Julie Caldwall,2/4/1964,Male,46
5,cmahady4,Cob Mahady,10/4/1976,Male,58
6,kcahn5,Kipper Cahn,3/20/1967,Male,6
7,cmallabone6,Claiborne Mallabone,9/16/1964,Genderqueer,97
8,sbrigginshaw7,See Brigginshaw,3/1/1964,Male,66
9,dbruckental8,Devina Bruckental,10/17/1983,Female,11
10,ede9,Emile de la Tremoille,2/16/1973,Male,46
11,rwoofendena,Rosette Woofenden,11/11/2005,Female,49
12,tjeandinb,Terry Jeandin,5/27/1990,Male,60
13,dfernc,Doll Fern,9/4/2014,Female,11
14,cszantod,Charlene Szanto,9/10/2006,Genderqueer,45
15,atrehernee,Addy Treherne,4/26/2000,Male,23
16,dmustinf,Donella Mustin,10/21/1985,Genderqueer,28
17,kmartschikg,Keven Martschik,8/13/2022,Male,77
18,ibritoh,Irvine Brito,7/27/1970,Male,60
19,bcreggi,Broddy Cregg,10/10/1986,Male,3
20,oharmestonj,Orton Harmeston,4/18/1989,Male,50
21,amclardiek,Arni McLardie,8/1/1984,Male,76
22,hnickollsl,Hew Nickolls,2/2/2001,Male,3
23,fmathetm,Fara Mathet,1/6/2021,Genderfluid,33
24,rsauvagen,Roanne Sauvage,9/30/1971,Female,84
25,lhastingso,Lotte Hastings,3/11/1977,Female,45
26,eosbaldestonp,Elijah Osbaldeston,7/20/1981,Male,14
27,areckq,Aldus Reck,2/5/1952,Male,67
28,ljahnsr,Lorilee Jahns,1/2/1980,Female,91
29,sgeldeards,Sisely Geldeard,7/21/2009,Female,66
30,cjakucewiczt,Cooper Jakucewicz,2/14/2004,Male,15
31,mlandsbergu,Maighdiln Landsberg,8/20/1975,Female,51
32,rbuddockv,Rriocard Buddock,10/1/2009,Non-binary,47
33,eaimw,Essy Aim,5/12/1971,Female,56
34,plegganx,Paxon Leggan,5/9/1994,Male,94
35,rclareyy,Robina Clarey,12/11/1986,Female,79
36,solenovz,Sherilyn Olenov,2/7/1982,Genderqueer,53
37,gteulier10,Garrick Teulier,8/15/2014,Male,52
38,smilton11,Silas Milton,8/21/2016,Male,23
39,amidford12,Aluin Midford,10/26/1997,Male,10
40,hdevall13,Harley Devall,11/20/1960,Male,22
41,kcanto14,Kacy Canto,3/5/1953,Female,59
42,jmclugish15,Jolee McLugish,9/27/2006,Female,45
43,podgaard16,Patrica Odgaard,7/6/2020,Genderqueer,21
44,kprendiville17,Kellen Prendiville,1/3/1974,Male,8
45,jbenoy18,Jaimie Benoy,4/21/2022,Female,21
46,trymill19,Ted Rymill,12/7/1990,Genderfluid,38
47,sstorrock1a,Shirl Storrock,4/29/2012,Female,8
48,kgiacomasso1b,Kathy Giacomasso,9/10/2022,Female,18
49,jdossettor1c,Jessalin Dossettor,10/4/1983,Female,21
50,wmityukov1d,Waneta Mityukov,9/26/2007,Bigender,90
51,tdyneley1e,Thorstein Dyneley,10/19/1975,Male,79
52,fcaramuscia1f,Filmore Caramuscia,10/18/2011,Male,13
53,dbasford1g,Darryl Basford,4/27/2016,Female,96
54,plisle1h,Pet Lisle,3/17/1959,Female,59
55,mkilgrove1i,Mikkel Kilgrove,10/1/1998,Male,36
56,lfooks1j,Larry Fooks,9/2/2007,Male,52
57,vprandoni1k,Virgie Prandoni,7/12/2014,Male,24
58,hreffe1l,Hall Reffe,7/3/2003,Male,50
59,atruett1m,Alden Truett,2/24/1980,Male,91
60,bmcanellye1n,Bald McAnellye,2/4/1970,Male,46
61,gtallach1o,Gallagher Tallach,4/16/1999,Male,87
62,zpesterfield1p,Zea Pesterfield,7/11/2007,Female,13
63,lrizzillo1q,Lezlie Rizzillo,8/2/1996,Female,74
64,mbalme1r,Malissia Balme,12/28/2018,Female,28
65,ccastangia1s,Claudie Castangia,8/5/1996,Female,87
66,dhanwright1t,Diana Hanwright,9/10/2019,Female,38
67,csharpless1u,Carson Sharpless,9/19/1962,Male,95
68,kmathou1v,Katya Mathou,6/27/1970,Female,70
69,zearry1w,Zonnya Earry,5/25/1990,Female,75
70,alambal1x,Aluino Lambal,8/13/1981,Male,64
71,grollinshaw1y,Gratia Rollinshaw,1/18/1995,Female,58
72,pelms1z,Pyotr Elms,3/25/2005,Polygender,92
73,fclucas20,Ferd Clucas,3/5/1967,Male,5
74,ideackes21,Ivar Deackes,2/10/1953,Male,34
75,mlacky22,Misty Lacky,12/11/2013,Female,90
76,lwinward23,Layne Winward,6/9/1950,Female,5
77,ktattersfield24,Karl Tattersfield,8/22/1985,Polygender,2
78,hgloves25,Hardy Gloves,12/14/1977,Male,64
79,bminchinton26,Brant Minchinton,5/9/1987,Male,34
80,wchettle27,Winonah Chettle,3/30/1969,Female,93
81,cwinridge28,Cchaddie Winridge,1/20/2009,Male,81
82,avalett29,Arvie Valett,12/12/2014,Male,99
83,epashen2a,Eugenia Pashen,3/27/1961,Female,74
84,sesby2b,Stinky Esby,12/22/1972,Male,79
85,bforeman2c,Betti Foreman,11/8/1958,Female,97
86,csleigh2d,Constantine Sleigh,8/25/1976,Female,12
87,saykroyd2e,Stanleigh Aykroyd,12/19/2010,Male,95
88,mbacon2f,Merry Bacon,6/4/1994,Male,35
89,cmcgavin2g,Clem McGavin,8/26/2017,Male,92
90,bcorballis2h,Beitris Corballis,7/12/1952,Female,43
91,wbettley2i,Willard Bettley,7/30/1978,Male,45
92,grihosek2j,Gilbertina Rihosek,8/13/1978,Female,10
93,cderges2k,Cointon Derges,6/29/1957,Male,69
94,shuckle2l,Saxon Huckle,11/19/1961,Male,53
95,lblundon2m,Lorant Blundon,6/25/2012,Male,53
96,tabrey2n,Temple Abrey,12/22/1966,Male,5
97,evankov2o,Englebert Vankov,8/29/2007,Bigender,59
98,mmaskall2p,Maegan Maskall,6/20/1994,Female,55
99,cjerschke2q,Cherry Jerschke,6/14/1971,Female,67
100,tmolloy2r,Tarah Molloy,5/28/1964,Female,12
101,cskoggings2s,Carr Skoggings,4/5/1979,Male,88
102,abonney2t,Aryn Bonney,9/7/1966,Female,94
103,cbazell2u,Conni Bazell,9/19/1951,Female,67
104,bproschek2v,Bengt Proschek,2/18/2006,Male,45
105,jtidman2w,Jess Tidman,1/30/2011,Male,26
106,kprevost2x,Kipp Prevost,2/8/2001,Male,24
107,ryarrell2y,Reiko Yarrell,10/16/2022,Female,47
108,phutton2z,Pren Hutton,12/15/1998,Male,4
109,lbaudts30,L;urette Baudts,10/30/1982,Female,19
110,lgrowden31,Lee Growden,11/22/2019,Non-binary,90
111,cmulrooney32,Creigh Mulrooney,3/23/2017,Male,54
112,nkondratenya33,Nathanael Kondratenya,9/3/1951,Male,67
113,hcanfield34,Hillyer Canfield,9/13/2016,Bigender,75
114,lbidewell35,Lou Bidewell,5/22/1984,Genderqueer,29
115,dwillishire36,Demeter Willishire,12/11/1978,Female,29
116,czannolli37,Christos Zannolli,10/16/2003,Male,41
117,cfullman38,Chrystel Fullman,5/26/1994,Genderfluid,79
118,ldyshart39,Luella Dyshart,7/30/1969,Female,11
119,kbundy3a,Kaitlynn Bundy,9/1/1981,Female,88
120,awolters3b,Arleyne Wolters,5/16/1989,Female,40
121,nmarten3c,Nicolette Marten,8/25/1990,Female,28
122,mwhyborne3d,Mathilda Whyborne,9/8/2018,Female,21
123,mbremen3e,Matti Bremen,3/25/2010,Non-binary,2
124,lscollick3f,Leslie Scollick,11/7/1974,Male,49
125,efolli3g,Erskine Folli,5/11/1979,Male,41
126,wduberry3h,Winston Duberry,11/12/1970,Male,74
127,cwestfrimley3i,Carroll West-Frimley,8/23/2013,Bigender,74
128,bkovalski3j,Bartolemo Kovalski,8/3/1960,Male,4
129,pserrell3k,Pegeen Serrell,2/1/1965,Female,41
130,mgreatbatch3l,Morton Greatbatch,2/23/2008,Male,97
131,tnagle3m,Tanya Nagle,11/4/1970,Female,90
132,bdonaway3n,Birk Donaway,5/2/1966,Male,72
133,clammert3o,Carlie Lammert,8/20/1979,Male,52
134,cdrewe3p,Chaddy Drewe,12/1/2015,Male,91
135,chunter3q,Christopher Hunter,3/16/1989,Male,44
136,mgabala3r,Maryl Gabala,3/1/1965,Female,54
137,sspreag3s,Serge Spreag,6/19/2009,Male,88
138,bneasam3t,Brinn Neasam,4/15/2004,Female,12
139,gde3u,Glynda de Vaen,3/14/2022,Female,44
140,mturbayne3v,Magdalena Turbayne,9/6/1973,Female,36
141,tfazan3w,Taber Fazan,4/8/2003,Male,11
142,wsmithson3x,Wendall Smithson,1/25/1996,Male,32
143,dbarrs3y,Dotti Barrs,12/4/1965,Female,46
144,ckobierzycki3z,Clari Kobierzycki,2/23/1977,Female,80
145,ehefferon40,Eugenius Hefferon,10/19/1992,Male,50
146,kswanbourne41,Kaitlynn Swanbourne,8/8/1972,Female,76
147,dpanner42,Dedie Panner,10/3/1955,Female,68
148,wgerardeaux43,Ware Gerardeaux,4/30/1973,Male,10
149,lmanclark44,Lucais Manclark,11/20/2017,Male,100
150,esmitherham45,Ermentrude Smitherham,2/28/1952,Female,50
151,jrankmore46,Jared Rankmore,12/19/1997,Male,78
152,kdelahunty47,Kassia Delahunty,7/9/1999,Female,89
153,bbedenham48,Benni Bedenham,10/18/1967,Genderqueer,61
154,smaynard49,Sheffy Maynard,3/11/1957,Male,94
155,bbiermatowicz4a,Brody Biermatowicz,12/22/1999,Male,35
156,dgigg4b,Daune Gigg,2/18/2010,Female,37
157,kbavister4c,Kingston Bavister,11/10/1980,Male,7
158,rgilhoolie4d,Rafaellle Gilhoolie,10/25/1981,Male,25
159,mwye4e,Michele Wye,3/9/1972,Male,65
160,gmurden4f,Gerhard Murden,5/26/1994,Male,97
161,ocleft4g,Oates Cleft,7/7/1990,Male,95
162,kdownage4h,Kristos Downage,10/7/2010,Male,58
163,cfleischmann4i,Cornelle Fleischmann,5/23/1999,Female,38
164,lschutze4j,Lynsey Schutze,11/28/1999,Female,27
165,apavey4k,Andreas Pavey,8/24/1985,Male,44
166,vgyurkovics4l,Valera Gyurkovics,2/13/2022,Female,39
167,awitling4m,Aldin Witling,4/1/1987,Male,21
168,mbloomfield4n,Mabel Bloomfield,9/27/1977,Female,43
169,tcurmi4o,Trumaine Curmi,2/14/1998,Male,45
170,tnell4p,Timmie Nell,12/3/2011,Male,42
171,sheigho4q,Shellysheldon Heigho,10/22/1996,Male,34
172,bcaroline4r,Boycie Caroline,10/1/1996,Male,12
173,bebbles4s,Brooke Ebbles,2/12/1981,Female,49
174,tgerhold4t,Trace Gerhold,7/20/1960,Male,55
175,mivankov4u,Mirna Ivankov,4/9/1982,Polygender,57
176,omccullagh4v,Oliver McCullagh,6/6/1954,Male,10
177,hkaaskooper4w,Hersch Kaaskooper,3/9/1953,Male,18
178,ltatterton4x,Laney Tatterton,11/26/2017,Female,19
179,bstanway4y,Babs Stanway,9/7/2004,Female,9
180,ccorbould4z,Christabel Corbould,1/13/1957,Female,33
181,fricciardo50,Field Ricciardo,1/1/1996,Male,15
182,rlillywhite51,Roarke Lillywhite,8/19/1999,Genderqueer,44
183,tcasetti52,Trixy Casetti,3/18/1973,Female,20
184,vnettle53,Vivyan Nettle,11/7/1972,Female,42
185,jcully54,Jillie Cully,5/13/1963,Female,72
186,pcavnor55,Pierrette Cavnor,1/7/1955,Female,93
187,lmolyneux56,Lloyd Molyneux,6/11/2021,Male,79
188,rwindus57,Rabbi Windus,2/4/1971,Male,92
189,wcrosby58,Wilona Crosby,9/17/1997,Female,37
190,vmusterd59,Vivienne Musterd,2/9/2006,Female,79
191,hgranham5a,Hedy Granham,1/4/2014,Female,49
192,sdryden5b,Sheff Dryden,7/12/2016,Male,42
193,worehead5c,Windham Orehead,1/2/2016,Male,68
194,bpeltzer5d,Biron Peltzer,4/26/2015,Male,93
195,eekkel5e,Estrella Ekkel,10/28/1963,Female,78
196,oriddick5f,Oren Riddick,2/2/1958,Male,50
197,cbooeln5g,Carey Booeln,9/4/1982,Male,38
198,cmellor5h,Chlo Mellor,6/29/2007,Female,97
199,mmattecot5i,Murry Mattecot,7/20/1991,Male,11
200,aarden5j,Andrew Arden,11/22/1974,Male,47
201,hcawker5k,Hamil Cawker,8/2/1966,Polygender,74
202,agosland5l,Anatollo Gosland,4/11/2009,Male,29
203,droocroft5m,Dredi Roocroft,11/23/1984,Genderqueer,94
204,wquilliam5n,Wiley Quilliam,6/4/1992,Male,83
205,eshingfield5o,Englebert Shingfield,7/23/1996,Male,79
206,etyreman5p,Edna Tyreman,9/16/2012,Non-binary,29
207,rblandamore5q,Ryun Blandamore,11/20/2017,Male,93
208,lbottrell5r,Lori Bottrell,12/13/2016,Female,92
209,dstott5s,Denys Stott,4/27/1978,Male,41
210,whubbis5t,Winnah Hubbis,3/10/1983,Bigender,2
211,nmandel5u,Noel Mandel,10/8/1957,Female,65
212,mfaustian5v,Marcela Faustian,8/31/1965,Female,76
213,hduesbury5w,Heall Duesbury,1/1/1951,Male,89
214,tcolclough5x,Taffy Colclough,9/12/1997,Female,66
215,dleander5y,Dixie Leander,1/28/2018,Female,49
216,gde5z,Gwendolyn De Ortega,7/22/2013,Female,22
217,wolder60,Wilbur Older,8/2/1956,Male,71
218,sgiacovelli61,Sully Giacovelli,5/18/1996,Male,18
219,rwadelin62,Reginauld Wadelin,6/3/2001,Male,9
220,lle63,Loralee Le Noire,8/20/1968,Female,42
221,fvanyashkin64,Freda Vanyashkin,9/7/1997,Female,64
222,csyncke65,Carla Syncke,1/5/1976,Female,56
223,hrushby66,Hadlee Rushby,3/21/2004,Male,97
224,ilangelaan67,Idelle Langelaan,11/13/2018,Female,41
225,gfrayne68,Glenn Frayne,6/11/2010,Female,6
226,ctucknott69,Corenda Tucknott,3/24/1991,Female,52
227,flemanu6a,Foss Lemanu,12/21/2012,Male,33
228,amccomas6b,Alvie McComas,2/8/2019,Male,23
229,mager6c,Matthus Ager,1/29/2017,Male,98
230,mde6d,Melisandra de Chastelain,4/29/2006,Female,64
231,fsaffe6e,Farrel Saffe,8/29/1969,Male,40
232,gbarwood6f,Goldy Barwood,7/25/1972,Female,61
233,theugh6g,Tallie Heugh,9/3/1964,Male,4
234,jshimoni6h,Jeremie Shimoni,10/26/1993,Male,35
235,jo6i,Jackson O' Culligan,6/18/2008,Male,77
236,aphilps6j,Ashia Philps,2/19/1970,Female,33
237,bsworder6k,Barnabas Sworder,7/6/1968,Polygender,89
238,atwede6l,Allen Twede,9/30/1975,Male,49
239,dtatersale6m,Dorelle Tatersale,7/14/1993,Female,59
240,csheara6n,Caron Sheara,8/17/1971,Female,58
241,aocarroll6o,Alli O'Carroll,11/5/2006,Female,20
242,lfriedank6p,Lilly Friedank,1/28/1987,Genderqueer,100
243,jmarien6q,Jolynn Marien,6/22/1976,Polygender,40
244,wegdale6r,Webb Egdale,8/5/1976,Male,3
245,photton6s,Perry Hotton,4/26/1950,Female,94
246,fgeary6t,Faustina Geary,10/23/1950,Female,74
247,kfellnee6u,Kassey Fellnee,12/25/1987,Female,75
248,bbaudon6v,Bertina Baudon,11/10/2016,Female,65
249,rpauwel6w,Rosemonde Pauwel,12/14/2002,Female,93
250,rciccotto6x,Ritchie Ciccotto,1/14/2019,Male,25
251,wseefus6y,Waite Seefus,2/18/1982,Male,66
252,bcaroll6z,Brittaney Caroll,1/5/1971,Female,26
253,vcawthorne70,Viole Cawthorne,11/12/2022,Female,27
254,xgowans71,Xymenes Gowans,12/26/2014,Male,67
255,jblinco72,Jean Blinco,5/2/1967,Female,32
256,rgartery73,Rufe Gartery,8/5/1982,Male,78
257,cmulvy74,Cory Mulvy,11/3/2013,Agender,79
258,lbatson75,Lancelot Batson,12/29/1993,Male,51
259,zdumbarton76,Zedekiah Dumbarton,6/20/2018,Male,89
260,wjikovsky77,Weidar Jikovsky,2/27/1988,Male,53
261,bfranzotto78,Bo Franzotto,8/21/1996,Male,85
262,bmourgue79,Belvia Mourgue,12/18/2012,Female,42
263,iwolverson7a,Ibby Wolverson,5/8/1997,Female,72
264,gdorricott7b,Gerry Dorricott,1/22/1964,Female,47
265,fgraddell7c,Fifine Graddell,1/28/1980,Female,34
266,esimnel7d,Eddie Simnel,6/20/2005,Female,34
267,sborlease7e,Saraann Borlease,7/8/1959,Female,62
268,aswinburne7f,Antony Swinburne,9/1/1964,Male,93
269,bwerndley7g,Burg Werndley,3/19/1977,Male,48
270,ecahani7h,Elwin Cahani,2/11/1975,Male,87
271,dwoolley7i,Ddene Woolley,11/10/2007,Female,99
272,lstrike7j,Lynn Strike,4/5/1963,Male,54
273,dmoukes7k,Devland Moukes,6/18/2017,Male,35
274,ebridgnell7l,Effie Bridgnell,6/7/2014,Female,10
275,sphillip7m,Selie Phillip,12/29/1995,Female,9
276,ecallaby7n,Edeline Callaby,8/13/1963,Female,46
277,bwinton7o,Beltran Winton,12/21/2004,Male,90
278,nfaughnan7p,Norrie Faughnan,3/19/2004,Female,68
279,to7q,Trip O' Hanvey,1/15/2011,Male,28
280,crockwell7r,Cris Rockwell,6/9/2011,Male,51
281,rrabbage7s,Ramsey Rabbage,6/23/2015,Male,98
282,dmarzello7t,Danyelle Marzello,2/18/1976,Female,63
283,ecrock7u,Elysia Crock,11/25/1977,Female,6
284,idugdale7v,Inger Dugdale,4/26/1981,Male,63
285,gclementet7w,Golda Clementet,8/18/1977,Female,80
286,mwharby7x,Marjorie Wharby,3/3/1957,Female,64
287,hpighills7y,Haley Pighills,11/13/2010,Male,86
288,dossenna7z,Dur Ossenna,8/8/1963,Male,90
289,ccochet80,Carlee Cochet,7/27/2021,Female,28
290,hfierman81,Helenelizabeth Fierman,7/9/2010,Female,52
291,lpolleye82,Lissa Polleye,1/14/1961,Female,59
292,dsettle83,Dewitt Settle,2/7/1966,Male,5
293,acanfield84,Archer Canfield,5/17/2016,Male,72
294,tdrieu85,Thaxter Drieu,6/1/1988,Male,87
295,bmardell86,Boris Mardell,12/1/1982,Male,33
296,bbugbee87,Base Bugbee,5/17/1987,Male,14
297,nevitt88,Nevin Evitt,9/26/1983,Male,100
298,frolingson89,Ferdinande Rolingson,10/19/2010,Female,13
299,lflahive8a,Liane Flahive,6/4/1984,Female,55
300,wscampion8b,Wesley Scampion,2/24/1986,Male,45
301,ljurek8c,Lia Jurek,10/9/1963,Genderqueer,47
302,mtinline8d,Myrna Tinline,6/14/1989,Female,72
303,amacairt8e,Adelbert MacAirt,4/3/2018,Male,37
304,khollyer8f,Keely Hollyer,3/9/1974,Female,98
305,kerangy8g,Karmen Erangy,3/9/2011,Non-binary,19
306,lhaste8h,Lothario Haste,10/8/1950,Male,57
307,vweatherburn8i,Valentino Weatherburn,5/6/1953,Male,68
308,cboggs8j,Cherise Boggs,2/12/1993,Female,86
309,sbiggin8k,Sophia Biggin,7/20/2011,Genderqueer,80
310,acampany8l,Armin Campany,4/6/2001,Male,45
311,cyaakov8m,Coleen Yaakov,10/22/1994,Female,16
312,ccullinan8n,Correy Cullinan,7/17/2007,Female,70
313,racuna8o,Rachele Acuna,9/14/1965,Female,52
314,amccloy8p,Aylmer McCloy,6/8/2005,Male,47
315,rgee8q,Roxanne Gee,6/24/2022,Female,24
316,szorener8r,Sax Zorener,12/4/1990,Male,79
317,savieson8s,Sigismondo Avieson,9/5/2021,Male,79
318,bpetrenko8t,Beitris Petrenko,1/10/1981,Female,15
319,akyles8u,Arlene Kyles,2/2/2005,Genderqueer,64
320,chouston8v,Constantia Houston,1/4/1953,Genderqueer,16
321,gtanzer8w,Georgeanna Tanzer,10/6/2015,Female,81
322,mgiroldi8x,Marleah Giroldi,2/13/2009,Female,89
323,ykerner8y,Yves Kerner,2/15/1999,Male,41
324,fouthwaite8z,Fayre Outhwaite,8/2/1956,Female,27
325,bkerfod90,Barron Kerfod,3/21/1988,Male,69
326,tgowar91,Towny Gowar,12/13/2000,Male,28
327,tbrummitt92,Torrance Brummitt,10/13/1986,Male,9
328,cmacintyre93,Corney MacIntyre,9/23/2010,Male,80
329,rarchbold94,Rudy Archbold,7/22/1967,Male,76
330,chawse95,Caye Hawse,10/21/1990,Female,98
331,scastiglio96,Stormi Castiglio,1/23/1975,Female,15
332,raleso97,Rene Aleso,3/8/1971,Polygender,77
333,skimbell98,Stanislaw Kimbell,7/6/2016,Genderqueer,49
334,mverne99,Mindy Verne,12/23/1968,Female,70
335,hduchesne9a,Hogan Duchesne,12/16/1955,Male,47
336,skiely9b,Scarlett Kiely,6/2/1974,Female,40
337,cwoodcraft9c,Cristobal Woodcraft,11/12/2019,Male,69
338,bdesquesnes9d,Bram Desquesnes,5/13/1952,Male,100
339,mwilne9e,Marge Wilne,5/30/1999,Female,81
340,tingram9f,Thor Ingram,1/10/2011,Male,2
341,vlashley9g,Velvet Lashley,3/12/2003,Female,16
342,cmoretto9h,Christopher Moretto,2/12/2018,Male,47
343,nwickliffe9i,Nadya Wickliffe,11/23/2014,Female,7
344,bfitter9j,Ber Fitter,8/30/2004,Male,76
345,vyanele9k,Virginie Yanele,7/20/1953,Female,21
346,mvedenyapin9l,Mollie Vedenyapin,10/2/1992,Female,55
347,gbootton9m,Gerome Bootton,10/5/1955,Agender,34
348,jdenizet9n,Jemie Denizet,2/20/1961,Female,57
349,dtomaszewski9o,Desmund Tomaszewski,6/22/2021,Male,23
350,soaten9p,Simona Oaten,4/9/1964,Female,28
351,bmallion9q,Burlie Mallion,7/31/1967,Non-binary,9
352,mtopley9r,Maia Topley,8/26/1978,Female,83
353,relford9s,Ramsay Elford,1/7/2008,Male,51
354,npratchett9t,Nicolis Pratchett,10/1/1955,Male,100
355,ulanyon9u,Urson Lanyon,8/5/1965,Male,13
356,aswetmore9v,Alfreda Swetmore,10/20/1990,Female,69
357,yadds9w,Yolanthe Adds,3/10/1962,Female,7
358,aszantho9x,Annis Szantho,3/16/1978,Female,69
359,kbaillie9y,Koral Baillie,6/7/2001,Female,76
360,tschapero9z,Tersina Schapero,12/4/2000,Female,69
361,bdorna0,Bentley Dorn,12/7/1988,Male,83
362,mneilla1,Mathe Neill,6/6/2014,Male,61
363,leula2,Lexi Eul,6/18/2017,Female,39
364,swellinga3,Sharon Welling,6/9/1961,Female,90
365,yphillippoa4,Yuri Phillippo,3/15/2021,Male,3
366,sneya5,Shepperd Ney,4/2/1968,Male,62
367,msturdeya6,Matthiew Sturdey,8/17/1993,Male,33
368,itruwerta7,Isaac Truwert,7/25/1961,Male,7
369,klimeburnera8,Ketti Limeburner,5/6/1976,Female,24
370,rwisona9,Ram Wison,8/26/1976,Male,22
371,lucchinoaa,Loni Ucchino,3/17/1995,Female,2
372,gcaleab,Giuditta Cale,7/27/1995,Female,71
373,avennersac,Abagail Venners,12/7/2012,Female,97
374,zdotterillad,Zeb Dotterill,4/17/1968,Male,82
375,laitkenheadae,Lizzy Aitkenhead,12/22/2018,Female,55
376,szylbermannaf,Sharline Zylbermann,8/1/1958,Female,64
377,bmcclunaghanag,Broderick McClunaghan,11/3/1992,Male,73
378,cmcguirkah,Carlota McGuirk,4/23/1960,Female,48
379,znatwickai,Zulema Natwick,12/5/1967,Female,43
380,lpiggremaj,Leroy Piggrem,7/4/1970,Male,84
381,hpostlesak,Hadlee Postles,2/6/1962,Agender,89
382,adrinnanal,Amy Drinnan,2/14/1973,Female,51
383,ctytleram,Cointon Tytler,10/24/2009,Genderfluid,29
384,boakeshottan,Blanche Oakeshott,2/16/1968,Female,59
385,cmcilwreathao,Cullen McIlwreath,11/24/2018,Male,31
386,mprettiap,Marquita Pretti,2/16/1974,Female,9
387,ashaveaq,Auroora Shave,5/18/2022,Female,51
388,jwhyear,Justina Whye,8/25/1992,Female,59
389,bleas,Barbee Le Marchant,5/10/2007,Female,51
390,jlanfearat,Jenn Lanfear,10/5/1975,Female,42
391,lkarlemanau,Louie Karleman,12/19/2000,Male,98
392,ccanterav,Charmaine Canter,11/18/1963,Female,3
393,dturfittaw,Daryle Turfitt,4/2/2000,Male,97
394,etallantax,Eimile Tallant,9/15/2017,Female,4
395,kblabyay,Kiley Blaby,10/14/1981,Male,43
396,bfairningtonaz,Barb Fairnington,6/4/1983,Female,39
397,hfransecob0,Hort Franseco,6/28/1969,Male,83
398,rtomkiesb1,Reggie Tomkies,10/2/2003,Female,2
399,bmuirb2,Bernardine Muir,1/25/1992,Female,86
400,aoglethorpeb3,Aveline Oglethorpe,10/26/1974,Female,20
401,sgibardb4,Scottie Gibard,3/21/1974,Male,45
402,etuerenab5,Evan Tuerena,1/3/2001,Male,73
403,fdrewcliftonb6,Florinda Drew-Clifton,1/25/1965,Female,92
404,tjeppb7,Toddie Jepp,12/11/2020,Male,40
405,jtalmadgeb8,Jacky Talmadge,12/13/1976,Genderqueer,47
406,iiansonb9,Ilario I'anson,12/25/1969,Male,36
407,amonketonba,Atlanta Monketon,2/7/2007,Female,1
408,dlowrancebb,Davin Lowrance,8/25/1982,Male,99
409,mcronshawbc,Marrilee Cronshaw,2/8/1960,Female,17
410,rgothupbd,Rafaello Gothup,9/10/2010,Male,97
411,cflattbe,Charlie Flatt,12/1/1976,Male,9
412,fjacquemebf,Francis Jacqueme,9/26/2013,Male,80
413,vcockingbg,Vanessa Cocking,4/29/1963,Female,6
414,dogeaneybh,Danica O'Geaney,11/8/1951,Female,79
415,ghowebi,Gregor Howe,8/16/1966,Male,79
416,pdaringtonbj,Penny Darington,8/2/2017,Male,16
417,cblackstonebk,Clara Blackstone,2/3/1988,Agender,33
418,brecherbl,Bordy Recher,12/14/1962,Male,81
419,cgoodhewbm,Collette Goodhew,10/12/1997,Female,99
420,bhaconbn,Brynn Hacon,10/17/1968,Female,48
421,ystoggellbo,Yelena Stoggell,12/7/1963,Female,52
422,ecovottobp,Emmey Covotto,8/27/1955,Female,17
423,friggsbq,Felicio Riggs,4/29/1994,Male,85
424,bfreelandbr,Blane Freeland,2/3/1961,Male,29
425,wmatashkinbs,Wilden Matashkin,10/2/1985,Genderqueer,44
426,hivantsovbt,Hyacinthie Ivantsov,10/6/1967,Female,58
427,twoolmerbu,Thatch Woolmer,5/24/2005,Male,64
428,destevezbv,Davidson Estevez,3/13/2011,Polygender,72
429,srosencwaigbw,Sebastien Rosencwaig,5/2/1964,Male,99
430,tshephardbx,Tedra Shephard,1/8/2012,Female,18
431,dvanby,Doloritas Van Der Hoog,4/16/1996,Female,21
432,ehaselybz,Englebert Hasely,8/21/1950,Male,73
433,jnorridgec0,Jorry Norridge,9/22/1953,Female,7
434,kdigginc1,Kassie Diggin,8/18/2022,Female,40
435,tfullbrookc2,Tammie Fullbrook,5/7/1972,Male,64
436,kschmuhlc3,Keefe Schmuhl,10/20/2002,Male,71
437,hrameyc4,Hadria Ramey,2/3/1981,Female,94
438,cvillagec5,Christy Village,2/14/2003,Female,93
439,mimpeyc6,Marshall Impey,10/25/2019,Male,86
440,mpaskc7,Mendel Pask,12/17/2022,Male,71
441,fswindenc8,Fiorenze Swinden,4/15/1964,Female,36
442,prufflec9,Parsifal Ruffle,8/13/1972,Male,30
443,cpickerca,Cynthie Picker,12/20/1959,Female,11
444,psavagecb,Peder Savage,2/27/1984,Male,92
445,glattimercc,Gideon Lattimer,7/5/1950,Male,19
446,dkeuningcd,Darrel Keuning,3/11/1969,Male,80
447,jmapotherce,Jerrilyn Mapother,3/15/1967,Female,28
448,vlebellcf,Vonny Lebell,5/28/2003,Female,60
449,jpondcg,Jeana Pond,7/27/2012,Female,92
450,amcgillacoellch,Archy McGillacoell,5/25/1984,Male,44
451,jpohlakci,Josephina Pohlak,2/16/1971,Polygender,48
452,mbotemancj,Maire Boteman,7/1/2012,Female,21
453,hendriccick,Huntley Endricci,6/5/2019,Male,70
454,fcurringtoncl,Fanchon Currington,2/6/2003,Female,7
455,wfeechancm,Winonah Feechan,1/18/2008,Female,56
456,rschollickcn,Ron Schollick,11/20/2008,Male,16
457,cpaolottoco,Conney Paolotto,11/30/2015,Male,39
458,ahuntallcp,Alica Huntall,4/2/2013,Agender,15
459,adickscq,Ashely Dicks,7/24/1960,Female,87
460,acartlidgecr,Anthe Cartlidge,12/11/1960,Female,11
461,efawdriecs,Elmo Fawdrie,12/20/1982,Male,45
462,kthorneloect,Kort Thorneloe,11/7/1960,Male,7
463,cspatcu,Cassie Spat,3/5/2022,Male,75
464,peldrettcv,Pate Eldrett,12/18/1967,Male,70
465,bfreshwatercw,Brewer Freshwater,5/18/1995,Male,97
466,csheachcx,Constantine Sheach,10/15/2001,Female,41
467,iwatkincy,Immanuel Watkin,1/28/2012,Male,26
468,pcomportcz,Page Comport,12/16/1957,Non-binary,93
469,vreisind0,Veronica Reisin,4/15/2002,Female,18
470,rretterd1,Remington Retter,8/10/1967,Male,45
471,pismaild2,Penni Ismail,12/11/1968,Female,44
472,cbansteadd3,Conrado Banstead,5/5/2011,Male,14
473,mflippinid4,Mela Flippini,2/9/1967,Female,59
474,twoloschind5,Tyler Woloschin,2/20/1975,Male,23
475,mminalld6,Michell Minall,10/22/2001,Female,23
476,mwoodrupd7,Minnaminnie Woodrup,2/20/1997,Female,25
477,gcrightond8,Grace Crighton,8/5/1999,Male,73
478,xmccrackemd9,Ximenes McCrackem,11/18/1961,Male,88
479,cweddupda,Cole Weddup,4/29/1955,Male,8
480,twinskilldb,Tisha Winskill,2/6/1964,Female,48
481,coffilerdc,Carrissa Offiler,6/6/1977,Female,12
482,bboustreddd,Bernice Boustred,6/29/2019,Female,15
483,mdabesde,Maddy Dabes,5/7/1963,Male,93
484,nloughlindf,Nicol Loughlin,7/17/2005,Male,92
485,ggauledg,Gianina Gaule,3/2/2016,Female,79
486,tmarchingtondh,Toddy Marchington,7/16/2016,Male,44
487,qsecretdi,Quintin Secret,7/5/1985,Male,50
488,fpauleaudj,Franzen Pauleau,7/14/2006,Male,93
489,ftirkindk,Faythe Tirkin,7/12/1967,Female,71
490,cclemensendl,Conroy Clemensen,5/24/1958,Male,53
491,ctrucedm,Christye Truce,12/24/1989,Female,3
492,ibendalldn,Iseabal Bendall,1/5/1989,Polygender,25
493,jkattdo,Janetta Katt,8/21/1987,Polygender,92
494,ystuddertdp,Yank Studdert,2/15/2002,Male,61
495,askyramdq,Anthony Skyram,11/16/1987,Male,22
496,noughdr,Natal Ough,9/29/1963,Male,83
497,mquestedds,Morganne Quested,7/12/1987,Female,16
498,ktreveardt,Kev Trevear,4/3/1982,Male,82
499,pdeversondu,Parry Deverson,1/23/1995,Male,100
500,mdrinkwaterdv,Merell Drinkwater,5/6/2017,Male,6
501,cfrilldw,Cilka Frill,3/24/1968,Female,77
502,ndowniedx,Nikkie Downie,11/30/1962,Bigender,12
503,wrideoutdy,Waring Rideout,8/15/1991,Male,28
504,cbreslauerdz,Christian Breslauer,3/1/1995,Male,28
505,lreedee0,Linea Reede,12/16/1976,Female,8
506,oskarmane1,Orazio Skarman,4/11/1993,Male,38
507,afaiche2,Abbi Faich,10/24/2012,Female,80
508,asellare3,Andrei Sellar,5/9/2011,Female,6
509,gezzelle4,Gale Ezzell,8/25/1967,Male,41
510,gpinarde5,Gerladina Pinard,3/22/2007,Female,14
511,jstangoe6,Jourdain Stango,6/2/2009,Male,14
512,dlevinse7,Davin Levins,4/23/1986,Male,69
513,rmelbourne8,Rachele Melbourn,6/10/1995,Female,58
514,pmce9,Page Mc Coughan,3/29/1987,Female,17
515,mtotterdillea,Matty Totterdill,1/10/1983,Genderqueer,74
516,harbuckeleb,Hernando Arbuckel,5/24/1964,Male,15
517,pwinfindaleec,Petrina Winfindale,3/1/1952,Female,51
518,rjenkersoned,Reba Jenkerson,7/12/2000,Female,37
519,hpaschkeee,Heloise Paschke,11/30/1977,Female,84
520,rpardyef,Rodney Pardy,6/26/1984,Male,44
521,bmorelandeg,Brendis Moreland,7/15/1968,Male,14
522,mcoppeardeh,Melesa Coppeard,6/4/1966,Female,71
523,ebluschkeei,Ebonee Bluschke,4/24/2021,Female,66
524,fairdrieej,Fair Airdrie,4/3/1973,Male,85
525,vrichelek,Valentine Richel,2/3/1969,Male,60
526,slarmouthel,Salvidor Larmouth,10/18/2002,Male,41
527,nrimourem,Natividad Rimour,1/25/1995,Female,23
528,ntwiddyen,Nanci Twiddy,8/1/1998,Female,38
529,kgavriellyeo,Kai Gavrielly,5/28/1969,Female,68
530,lcarderoep,Lyndel Cardero,3/14/2016,Female,46
531,elethardyeq,Egan Lethardy,6/22/1984,Male,51
532,skunzeler,Shay Kunzel,6/22/1969,Male,52
533,klednores,Kinsley Lednor,10/29/1995,Male,6
534,lannwylet,Lilah Annwyl,12/1/1978,Female,19
535,eneyeu,Elva Ney,3/7/1960,Female,37
536,cclunieev,Charyl Clunie,1/1/2006,Female,65
537,rbernlinew,Rosella Bernlin,4/9/1997,Female,32
538,pduligallex,Pinchas Duligall,8/6/1984,Male,52
539,sgaggey,Stormi Gagg,2/27/1990,Female,84
540,cfirpoez,Caron Firpo,1/8/1980,Female,47
541,dsurgenorf0,Dalt Surgenor,2/2/2000,Male,6
542,flintsf1,Fraze Lints,10/28/1976,Male,20
543,tespinof2,Trixie Espino,9/6/1956,Female,52
544,apickettf3,Alisander Pickett,7/8/2008,Male,63
545,garnoudf4,Gerda Arnoud,2/17/2006,Female,56
546,rivanchenkovf5,Rabbi Ivanchenkov,1/19/1987,Male,82
547,gkosf6,Guinna Kos,10/5/2018,Female,82
548,abehnf7,Antone Behn,11/13/1997,Male,34
549,tcescof8,Teodor Cesco,7/4/1951,Male,65
550,boldfordf9,Blinny Oldford,7/14/1998,Female,5
551,ebuncherfa,Edna Buncher,5/25/2010,Female,29
552,traffertyfb,Tessi Rafferty,2/15/2020,Female,4
553,msetfordfc,Melamie Setford,1/6/1963,Female,53
554,gbroomefd,Gardener Broome,1/21/2004,Male,48
555,dwilcherfe,Dorette Wilcher,10/25/1970,Female,35
556,ftuddallff,Fletch Tuddall,7/21/1961,Male,47
557,dwhatsonfg,Dinnie Whatson,6/15/1977,Female,89
558,agoudiefh,Arney Goudie,1/3/1999,Male,93
559,jgyteshamfi,Julienne Gytesham,12/12/1995,Female,85
560,tfurlongefj,Tracy Furlonge,11/8/2000,Male,70
561,kmccruddenfk,Kyle McCrudden,1/4/1961,Female,53
562,dblondelfl,Didi Blondel,7/4/2016,Female,21
563,gquoganfm,Gavan Quogan,8/12/1994,Male,47
564,ckenefordefn,Carlynn Keneforde,2/24/1999,Female,52
565,cwillansfo,Christa Willans,2/22/2006,Genderfluid,6
566,arafterfp,Anabella Rafter,2/5/1990,Female,47
567,estfq,Elena St. Quintin,9/5/1994,Female,44
568,fdederickfr,Faye Dederick,2/19/1962,Non-binary,74
569,bnannonifs,Byrom Nannoni,6/13/1975,Male,64
570,cnobesft,Chan Nobes,5/30/1964,Male,95
571,jbritneyfu,Jareb Britney,4/29/2009,Male,91
572,tglendinningfv,Thomas Glendinning,12/13/1952,Male,65
573,csigginfw,Clemmie Siggin,12/2/1966,Female,49
574,gwentworthfx,Gardiner Wentworth,7/23/2014,Male,89
575,badamofy,Bailie Adamo,7/1/1962,Male,29
576,memmettfz,Mark Emmett,11/16/1950,Male,97
577,dohoeyg0,Dewitt O'Hoey,8/16/2006,Male,19
578,gkleanthousg1,Geri Kleanthous,6/12/2009,Male,31
579,tgrievesg2,Travers Grieves,5/21/2003,Non-binary,39
580,spriestleyg3,Steward Priestley,1/26/1976,Male,67
581,nscempg4,Nicholle Scemp,3/28/1969,Female,5
582,hnaileg5,Hube Naile,6/19/1966,Male,82
583,jmerrgeng6,Jules Merrgen,8/10/1985,Male,61
584,alamploughg7,Aaron Lamplough,5/25/1962,Male,61
585,mtrenbeyg8,Marni Trenbey,10/1/1996,Female,61
586,jrosenauerg9,Jerad Rosenauer,11/2/2007,Male,88
587,ehalleyga,Elliott Halley,11/2/1979,Male,64
588,dmcquaidegb,Dahlia McQuaide,1/29/2009,Female,10
589,wtingcombgc,Willy Tingcomb,9/14/2000,Male,40
590,cmartinhogd,Charmaine Martinho,7/20/1964,Female,61
591,mlabbeyge,Mellicent Labbey,12/26/1976,Female,68
592,egillaspygf,Eleen Gillaspy,9/11/2013,Female,94
593,ihelixgg,Inga Helix,11/24/1985,Female,38
594,fschafergh,Fifi Schafer,8/2/1951,Polygender,11
595,slodegi,Steffane Lode,12/26/1959,Female,20
596,mwalheddgj,Meggy Walhedd,11/29/2001,Female,79
597,dgerlergk,Darleen Gerler,4/28/2011,Female,87
598,sbonnavantgl,Shay Bonnavant,3/19/2022,Female,81
599,cdonkersleygm,Cordey Donkersley,5/14/2012,Female,69
600,fogn,Faun O' Markey,4/16/1980,Female,93
601,gleguaygo,Gerianna Leguay,10/17/1962,Female,78
602,bbenngp,Bertha Benn,3/29/1993,Female,39
603,kamorinegq,Kelli Amorine,12/10/1966,Female,91
604,bguestegr,Benito Gueste,1/15/1951,Male,31
605,eoglassanegs,Eustace O'Glassane,3/12/1957,Male,36
606,hmewegt,Hector Mewe,5/21/1974,Male,4
607,tspickettgu,Terza Spickett,7/13/1992,Female,11
608,kedelgv,Konrad Edel,11/17/2016,Male,64
609,aalbasinigw,Augy Albasini,12/16/2018,Male,49
610,ldegx,Laughton de Courcey,7/6/1974,Male,10
611,eswettgy,Emmerich Swett,10/6/1981,Male,87
612,scaldrongz,Seumas Caldron,5/24/1960,Male,33
613,jwinchursth0,Janetta Winchurst,1/7/1972,Female,48
614,mmorcombeh1,Marian Morcombe,10/17/1978,Female,78
615,vgreatrexh2,Vasili Greatrex,11/29/1981,Male,52
616,hpackerh3,Hiram Packer,1/5/1964,Male,2
617,rcadneyh4,Reider Cadney,4/26/1968,Male,38
618,pmalickih5,Palmer Malicki,4/25/1952,Male,95
619,kzuppah6,Kirstin Zuppa,10/31/1958,Female,78
620,wtwinborneh7,Waylen Twinborne,11/6/1991,Male,26
621,hploverh8,Hall Plover,3/1/1958,Male,24
622,htwinnh9,Hersch Twinn,2/4/1950,Male,82
623,ttwyfordha,Timmy Twyford,10/4/1993,Male,53
624,fvonhb,Flynn Von Gladbach,2/26/1983,Male,8
625,agabrielyhc,Avis Gabriely,3/6/2013,Female,70
626,rhambletonhd,Rayna Hambleton,8/27/1970,Female,51
627,dparkenhe,Dorise Parken,9/10/1977,Genderfluid,67
628,mveitchhf,Meade Veitch,11/12/1984,Female,38
629,zmartinovichg,Zebulen Martinovic,1/19/1962,Male,3
630,jbramallhh,Jack Bramall,6/23/2014,Male,45
631,rseifferthi,Russ Seiffert,7/25/1988,Male,34
632,dlinehamhj,Dunstan Lineham,1/18/1979,Male,88
633,fdishmanhk,Felipe Dishman,9/6/1991,Male,9
634,hbrosemanhl,Hubie Broseman,6/16/1993,Male,22
635,agiraudathm,Ashil Giraudat,7/11/1980,Female,56
636,jstaitehn,Jessy Staite,5/1/1978,Female,100
637,elawsho,Elliot Laws,10/6/2012,Agender,56
638,kkivlehanhp,Krystle Kivlehan,8/30/1970,Female,66
639,cnutbeemhq,Cirillo Nutbeem,1/9/1995,Male,36
640,hhandsliphr,Helga Handslip,1/12/2005,Female,50
641,rlepiscopiohs,Rayner L'Episcopio,9/22/1973,Male,55
642,vflewinht,Vikky Flewin,7/23/1993,Female,47
643,zpenningtonhu,Zak Pennington,2/27/1958,Male,68
644,jibbesonhv,Judon Ibbeson,8/18/1965,Male,46
645,cmcteaguehw,Carmel McTeague,12/18/1953,Female,46
646,eramsdellhx,Erna Ramsdell,5/25/1964,Female,8
647,dbeetleshy,Dedie Beetles,11/19/1998,Polygender,23
648,melvishhz,Monti Elvish,4/15/1991,Male,45
649,ohanseli0,Ofella Hansel,1/8/1956,Female,55
650,owingfieldi1,Obadiah Wingfield,5/6/1983,Male,79
651,hquenbyi2,Hamish Quenby,2/16/2003,Male,24
652,couryi3,Carmita Oury,9/4/1961,Agender,51
653,cagutteri4,Cris Agutter,11/22/2002,Male,81
654,cgilliardi5,Camey Gilliard,7/19/2009,Male,26
655,kkingabyi6,Koenraad Kingaby,4/7/1958,Male,92
656,ccallisteri7,Carolin Callister,4/8/1959,Female,57
657,establei8,Elicia Stable,7/20/2016,Female,76
658,jwordleyi9,Jeramey Wordley,5/18/1951,Male,3
659,cjochananyia,Clovis Jochanany,2/21/1998,Female,64
660,gbygottib,Gilberto Bygott,6/19/1995,Male,22
661,ccobsonic,Cilka Cobson,11/11/1950,Genderfluid,26
662,jbraidmanid,Juliann Braidman,8/29/2015,Genderqueer,16
663,eburberryie,Elka Burberry,12/3/1998,Female,97
664,fmullearyif,Farica Mulleary,2/19/2008,Female,65
665,rburnyeatig,Renard Burnyeat,9/10/2021,Male,2
666,tdotsonih,Tamara Dotson,1/11/1971,Female,88
667,lnessii,Lorin Ness,9/17/1999,Male,58
668,dwillingamij,Don Willingam,6/21/1959,Male,68
669,bkleineik,Barth Kleine,2/14/1973,Male,41
670,ahullil,Arabela Hull,4/19/1963,Non-binary,49
671,tthunderim,Tommie Thunder,7/19/2000,Female,15
672,dspenleyin,Derby Spenley,7/28/2022,Male,53
673,rfolcaio,Raoul Folca,12/14/1983,Male,18
674,hcodronip,Horatius Codron,5/9/2015,Non-binary,36
675,atruswelliq,Anne Truswell,9/19/1962,Female,75
676,bofficerir,Belicia Officer,3/6/1992,Female,95
677,cpetytis,Christophorus Petyt,12/11/1954,Male,7
678,lbraundsit,Laurice Braunds,5/25/2001,Female,35
679,sbertwistleiu,Stacey Bertwistle,10/28/1953,Female,68
680,bweiriv,Bobbee Weir,12/30/2021,Bigender,15
681,rbrennoniw,Randy Brennon,7/20/1955,Female,45
682,fmassenix,Farlay Massen,10/17/2011,Genderqueer,4
683,hkerwickiy,Hilda Kerwick,12/8/1950,Female,76
684,mwroutiz,Marlie Wrout,10/29/2002,Female,77
685,lthiemej0,Lissy Thieme,11/27/1995,Female,76
686,dgehringerj1,Dion Gehringer,2/14/2013,Female,69
687,ahasserj2,Anne-corinne Hasser,10/17/2020,Female,35
688,fburkinshawj3,Filberte Burkinshaw,11/9/1996,Male,95
689,nbettenayj4,Newton Bettenay,9/1/2022,Male,75
690,scorryj5,Sheffie Corry,7/25/1983,Male,12
691,oschulkenj6,Opalina Schulken,9/24/2016,Female,24
692,mlarrowayj7,Mela Larroway,12/20/1976,Female,41
693,gklassmannj8,Gabriele Klassmann,9/25/1960,Male,29
694,pwoolaghanj9,Pierson Woolaghan,7/5/1976,Male,1
695,gabrahmsonja,Garrick Abrahmson,6/20/1980,Agender,62
696,cstonejb,Chrystal Stone Fewings,3/2/1984,Female,87
697,nlamsheadjc,Nicoline Lamshead,11/11/1973,Genderqueer,33
698,bpechelljd,Berthe Pechell,3/8/1954,Genderqueer,8
699,rtenchje,Reginald Tench,2/17/1956,Male,66
700,bdeathjf,Bertrando Death,11/25/1961,Male,69
701,dsprigginjg,Dina Spriggin,7/8/1982,Female,18
702,tantatjh,Tammy Antat,1/14/1977,Female,33
703,egillanji,Eveline Gillan,10/22/1998,Bigender,34
704,pslessarjj,Patrice Slessar,4/8/2007,Female,18
705,szolinijk,Sela Zolini,12/23/2010,Female,60
706,gadinjl,Galen Adin,6/24/1995,Male,23
707,tdonkersleyjm,Taylor Donkersley,5/29/1954,Male,89
708,touldcottjn,Trumaine Ouldcott,11/22/1978,Male,15
709,rhayballjo,Raynor Hayball,3/5/1973,Male,10
710,tgrigorievjp,Timi Grigoriev,11/13/1987,Female,73
711,rverbeekjq,Rosalinde Verbeek,9/11/1997,Female,55
712,ebirdenjr,Erin Birden,12/14/1985,Male,80
713,citzkovicijs,Christiano Itzkovici,8/29/1980,Male,65
714,yattocjt,Yard Attoc,2/4/1971,Male,72
715,tdinneenju,Thaddeus Dinneen,5/22/1972,Male,48
716,bcutcheyjv,Byram Cutchey,7/6/1979,Male,91
717,jdmitrienkojw,Johnny Dmitrienko,2/2/1971,Male,48
718,schevisjx,Sheba Chevis,1/5/1955,Female,16
719,mguieljy,Maryl Guiel,2/12/1950,Female,69
720,telcouxjz,Tannie Elcoux,4/8/2018,Male,8
721,lmcginlayk0,Lilas McGinlay,4/5/2017,Female,19
722,mgalliennek1,Mariam Gallienne,7/5/1982,Female,20
723,adorlingk2,Adrianne Dorling,7/15/1964,Female,13
724,imilbournk3,Isaiah Milbourn,4/5/1956,Male,54
725,ccarettek4,Charity Carette,12/24/1969,Female,21
726,snevillek5,Stefania Neville,6/7/1975,Female,43
727,mplumk6,Marietta Plum,5/18/1963,Male,61
728,lyoselevitchk7,Luelle Yoselevitch,6/7/1988,Female,15
729,abontoftk8,Anthony Bontoft,3/13/2019,Male,51
730,dlanonk9,Dorolisa Lanon,8/23/1997,Female,14
731,gdeaconsonka,Gavra Deaconson,9/7/1968,Polygender,84
732,etaillkb,Erskine Taill,4/24/2005,Male,16
733,bmcfadzeankc,Bail McFadzean,3/13/1993,Male,35
734,vsellorskd,Von Sellors,5/22/1960,Male,11
735,dticksallke,Daryn Ticksall,10/8/2013,Polygender,80
736,hhuncotekf,Hadley Huncote,6/21/1966,Male,8
737,prennekekg,Perceval Renneke,8/15/1988,Male,9
738,nlowreykh,Noel Lowrey,8/5/1998,Male,4
739,dgeneryki,Dolph Genery,4/4/1954,Male,26
740,fenzleykj,Forrest enzley,6/14/1995,Male,76
741,obeloekk,Orren Beloe,8/22/2017,Male,18
742,waddekinkl,Washington Addekin,4/17/1979,Male,20
743,ealexandrekm,Ediva Alexandre,6/29/1960,Female,21
744,ygrimwoodkn,Yuri Grimwood,12/13/1967,Male,71
745,cfirpiko,Claiborne Firpi,10/19/1959,Bigender,12
746,cbastistinikp,Conant Bastistini,8/12/1992,Male,48
747,tsoffkq,Tarrah Soff,8/19/2003,Female,64
748,kmillicankr,Katie Millican,2/27/2012,Female,56
749,sbreadonks,Stacey Breadon,2/7/1977,Genderfluid,95
750,malfordekt,Mahalia Alforde,1/17/1994,Female,98
751,amurfillku,Anna-diana Murfill,3/26/1998,Female,89
752,strevaskisskv,Sondra Trevaskiss,7/12/2011,Female,6
753,mbruslekw,Miner Brusle,2/9/2001,Male,33
754,rpaulettokx,Remy Pauletto,4/3/2017,Genderfluid,93
755,umacinnesky,Ulrikaumeko MacInnes,1/20/1972,Female,56
756,rsemechikkz,Renata Semechik,6/5/1996,Female,85
757,ghallsworthl0,Gabriel Hallsworth,12/7/1958,Female,71
758,epickl1,Elton Pick,8/3/1964,Male,89
759,wfaunchl2,Whitney Faunch,2/20/2014,Male,83
760,vshierl3,Vera Shier,8/4/1979,Female,4
761,flyvonl4,Fredek Lyvon,8/18/1988,Male,92
762,dbraywoodl5,Delphinia Braywood,5/10/1960,Female,25
763,edabournel6,Eadmund Dabourne,8/24/1991,Male,100
764,ncapehornl7,Nelle Capehorn,7/13/1974,Female,22
765,rfinel8,Rosita Fine,6/21/1980,Female,59
766,mrampagel9,Melisande Rampage,9/20/2005,Female,97
767,okramerla,Orson Kramer,6/5/1992,Male,50
768,slabelllb,Stillman Labell,2/11/1965,Male,54
769,ssoldanlc,Sal Soldan,8/12/1950,Female,92
770,ncarnld,Noemi Carn,12/17/1975,Female,22
771,efardole,Etty Fardo,6/2/1968,Female,86
772,clakerlf,Cesaro Laker,7/18/1995,Male,52
773,mcuseicklg,Myca Cuseick,7/23/1963,Male,70
774,lsalacklh,Lydon Salack,4/13/1969,Male,31
775,mmartynovli,Marlo Martynov,9/6/1980,Female,70
776,tbauldreylj,Tobye Bauldrey,5/14/1957,Female,82
777,bbroaderlk,Beatrice Broader,10/11/1963,Female,60
778,nlytellll,Nicholas Lytell,8/10/1961,Male,35
779,mlambollm,Mathew Lambol,11/10/2019,Male,21
780,rpeyroln,Raymund Peyro,2/21/2021,Male,36
781,jlippingwelllo,Jaimie Lippingwell,9/9/1996,Bigender,8
782,pdineenlp,Priscilla Dineen,6/11/2006,Female,80
783,gclacsonlq,Georgianna Clacson,1/16/1996,Female,82
784,thaydocklr,Torrie Haydock,11/17/1966,Female,90
785,twaddilovels,Thadeus Waddilove,9/27/2004,Male,87
786,kguillelt,Kittie Guille,8/15/1965,Female,96
787,bciobotarolu,Bard Ciobotaro,3/18/2016,Male,78
788,lsouleylv,Leo Souley,7/14/1965,Male,81
789,ccarlinglw,Cristabel Carling,5/27/1958,Female,2
790,dgurnettlx,Don Gurnett,3/5/2016,Agender,84
791,davrashinly,Diandra Avrashin,2/6/1955,Female,45
792,gmackaiglz,Giles MacKaig,4/27/1981,Male,83
793,shuddm0,Sigfrid Hudd,10/24/1998,Male,42
794,jstormontm1,Jeremiah Stormont,9/25/1969,Male,83
795,gpolm2,Gabi Pol,6/1/2008,Male,32
796,grockliffem3,Griz Rockliffe,11/1/2011,Male,1
797,hmynardm4,Heinrick Mynard,11/19/2004,Male,4
798,hespinoym5,Howie Espinoy,12/17/1990,Male,88
799,hgatchelm6,Herb Gatchel,6/21/1992,Polygender,76
800,drapim7,Dotty Rapi,10/11/1971,Bigender,10
801,mlelievrem8,Miller Lelievre,2/9/1972,Male,77
802,zhauxbym9,Zebedee Hauxby,3/8/1952,Male,38
803,ghatterma,Gertrude Hatter,1/25/1992,Female,71
804,afahertymb,Andris Faherty,11/22/1953,Male,90
805,gsaccomc,Georgeta Sacco,6/26/1992,Female,7
806,ewickrathmd,Emilia Wickrath,6/11/1957,Polygender,4
807,dvescovinime,Dana Vescovini,3/2/2005,Male,62
808,rferfullemf,Romy Ferfulle,6/7/1976,Female,86
809,dlinklatermg,Dehlia Linklater,9/24/1957,Female,88
810,ctarbattmh,Cordy Tarbatt,5/11/1960,Male,48
811,kthurleymi,Kendricks Thurley,3/6/1964,Agender,60
812,spurdeymj,Starlene Purdey,8/4/1977,Female,57
813,ekibbymk,Ezechiel Kibby,12/6/2011,Male,24
814,klobellml,Karissa Lobell,1/2/1973,Female,38
815,dlanmeidmm,Donia Lanmeid,7/26/1989,Female,66
816,lthornsmn,Lory Thorns,5/3/2005,Female,11
817,miacominimo,Morton Iacomini,5/18/1989,Male,11
818,mbeaconsallmp,Mohammed Beaconsall,7/9/2003,Male,45
819,tmeffenmq,Tades Meffen,11/12/1970,Male,17
820,cquarriemr,Clary Quarrie,3/16/1976,Genderfluid,80
821,ehalshoms,Ethelbert Halsho,1/20/1989,Male,48
822,pgillammt,Paulina Gillam,5/25/2001,Female,34
823,scrowdymu,Sarajane Crowdy,5/22/2006,Female,25
824,nmackeggmv,Nora MacKegg,3/1/1986,Female,42
825,wcastelainmw,Wiley Castelain,5/9/1971,Male,10
826,jchesneymx,Julianne Chesney,12/14/2015,Female,12
827,tdoucemy,Talbot Douce,6/16/1996,Male,13
828,rtrenowethmz,Rochette Trenoweth,11/26/2004,Female,2
829,earrelln0,Edyth Arrell,4/24/2021,Female,40
830,kyerrelln1,Kerrill Yerrell,7/27/1967,Genderqueer,29
831,bmaclardien2,Bianca MacLardie,5/31/1985,Female,7
832,amcglaughnn3,Amble McGlaughn,2/16/1973,Male,82
833,rludlown4,Robin Ludlow,2/5/2021,Male,37
834,nhewkinn5,Nehemiah Hewkin,4/7/1991,Male,100
835,bminocchin6,Brig Minocchi,10/12/1968,Male,82
836,jgullifordn7,Josie Gulliford,7/5/2007,Female,13
837,alemanun8,Astrix Lemanu,11/28/1966,Female,87
838,amorisonn9,Aubrie Morison,4/4/2010,Female,13
839,cartheyna,Cornelle Arthey,1/22/1999,Female,33
840,drositanb,Dori Rosita,9/1/1971,Female,66
841,dredsallnc,Domingo Redsall,6/20/1985,Male,78
842,jduckernd,Janean Ducker,7/28/1994,Female,50
843,ahelwigne,Aurore Helwig,3/16/1983,Female,6
844,kaxellnf,Kata Axell,4/17/1961,Female,26
845,fwallbridgeng,Fitzgerald Wallbridge,5/17/1971,Male,68
846,kclutterhamnh,Kathy Clutterham,10/27/2015,Female,45
847,zloydni,Zaccaria Loyd,6/19/1968,Male,15
848,kromernj,Kendal Romer,6/2/2017,Male,81
849,ltevelovnk,Ludovico Tevelov,3/31/2008,Male,67
850,njewessnl,Neron Jewess,3/16/2014,Male,4
851,pfilernm,Pernell Filer,9/30/2022,Male,39
852,amcjerrownn,Agnesse McJerrow,4/14/2011,Female,83
853,fcanano,Feodor Cana,12/23/2018,Male,29
854,hclausennp,Hollyanne Clausen,2/28/2005,Female,93
855,bgabbitisnq,Barde Gabbitis,8/25/1978,Male,86
856,dclemasnr,Dorrie Clemas,9/4/1991,Female,91
857,dgummerns,Danie Gummer,11/22/1994,Polygender,27
858,cflattnt,Christos Flatt,5/2/2009,Male,84
859,gmenguenu,Glennie Mengue,3/23/2007,Female,92
860,avolkersnv,Arron Volkers,10/14/2015,Male,97
861,hmahynw,Haskel Mahy,2/23/2022,Male,40
862,keagletonnx,Kimmi Eagleton,2/20/1972,Female,98
863,ehollingsheadny,Ephrayim Hollingshead,5/7/1981,Male,14
864,rmurdennz,Ray Murden,8/2/2011,Female,94
865,lmcgroryo0,Levey McGrory,1/23/1962,Male,10
866,rjakovo1,Rosemonde Jakov,6/15/2006,Female,80
867,jfrunkso2,Jenica Frunks,2/3/1993,Female,94
868,syukhovo3,Stuart Yukhov,2/27/1962,Male,57
869,estenyngo4,Edy Stenyng,9/4/1995,Female,32
870,cspreullo5,Celisse Spreull,3/8/2009,Female,35
871,jdobsonso6,Jolynn Dobsons,9/11/2002,Female,99
872,emyleso7,Enid Myles,9/2/1996,Female,26
873,ijonuzio8,Ian Jonuzi,7/4/1958,Male,67
874,ifritzero9,Irena Fritzer,4/24/1958,Female,45
875,lseversoa,Lammond Severs,2/28/2011,Male,62
876,gwalczynskiob,Gordy Walczynski,12/2/1983,Male,37
877,edoddrelloc,El Doddrell,9/3/1973,Non-binary,45
878,rgartsydeod,Raynor Gartsyde,12/29/2022,Male,15
879,fpoltoneoe,Frankie Poltone,3/22/1952,Male,6
880,tellinorof,Theodoric Ellinor,6/24/1964,Male,28
881,csiccombeog,Celle Siccombe,11/27/2019,Female,91
882,ddycheoh,Dionysus Dyche,9/12/2008,Male,46
883,mhofleroi,Marthe Hofler,4/10/1953,Female,82
884,tgetshamoj,Tish Getsham,6/30/2016,Female,23
885,hmeleskok,Harley Melesk,11/28/1961,Male,2
886,mmcclymontol,Murial McClymont,3/8/1958,Female,56
887,kgaleaom,Kevan Galea,6/18/1988,Male,57
888,gerreyon,Gilly Errey,8/6/2006,Female,44
889,gskeatesoo,Glenden Skeates,1/27/1998,Male,73
890,cpoupardop,Cosme Poupard,4/26/1991,Male,52
891,revenettoq,Robbert Evenett,12/12/1962,Male,65
892,aspreadburyor,Almire Spreadbury,11/12/1974,Female,37
893,wtrenearos,Wes Trenear,3/27/2022,Male,39
894,channabyot,Candide Hannaby,8/25/1999,Female,15
895,gtereseou,Geri Terese,1/12/1971,Bigender,61
896,kbernardottiov,Kaitlin Bernardotti,8/24/2015,Bigender,66
897,fbustow,Florri Bust,3/24/2008,Female,42
898,uszymanowiczox,Ulick Szymanowicz,6/13/2008,Male,67
899,rarzuoy,Rollo Arzu,9/29/2011,Male,73
900,wephsonoz,Wallis Ephson,1/21/2013,Male,45
901,lcatlinp0,Lem Catlin,5/27/1950,Male,86
902,smerrimentp1,Silva Merriment,4/15/1953,Female,39
903,ccrutchleyp2,Curran Crutchley,12/22/1964,Male,73
904,lwildp3,Luther Wild,12/25/2021,Male,83
905,vdrysdalep4,Viviana Drysdale,10/2/1979,Female,93
906,sbysakerp5,Sheelagh Bysaker,8/12/2014,Female,30
907,fkopischp6,Flemming Kopisch,6/6/1972,Male,73
908,adeackesp7,Adelheid Deackes,8/30/1974,Female,14
909,rmechemp8,Rickey Mechem,2/1/1962,Male,89
910,clawlyp9,Catina Lawly,3/4/2005,Female,38
911,lwhetherpa,Linnea Whether,9/20/1994,Female,19
912,ihearonpb,Inigo Hearon,1/13/1977,Male,78
913,jdepc,Jody De Antoni,11/27/1968,Female,34
914,bmcenhillpd,Bertrando McEnhill,7/29/1979,Polygender,13
915,jscandrettpe,Jeralee Scandrett,6/11/1986,Female,12
916,wglasserpf,Whitby Glasser,12/12/1954,Male,37
917,swelbandpg,Stanislaus Welband,9/10/1990,Male,48
918,fhancornph,Felice Hancorn,4/5/2002,Male,79
919,smessinghampi,Shawnee Messingham,3/17/1962,Female,94
920,acoughtreypj,Ailyn Coughtrey,7/13/2019,Female,17
921,btolumellopk,Borden Tolumello,6/5/1952,Male,81
922,kbaddileypl,Kellby Baddiley,7/11/2009,Male,41
923,ibiasiopm,Ileane Biasio,11/3/1983,Female,34
924,jstrongitharmpn,Jasmine Strongitharm,11/14/2015,Agender,67
925,jpagelpo,Jo Pagel,12/2/1986,Male,65
926,lshivellpp,Lay Shivell,12/13/1961,Male,95
927,acottypq,Ansel Cotty,5/25/2001,Male,48
928,arohlfpr,Augustina Rohlf,7/25/2004,Female,48
929,htorryps,Hermia Torry,10/20/2002,Female,66
930,jfribergpt,Jermaine Friberg,2/6/1972,Male,2
931,jgonpu,Jakob Gon,6/25/1983,Male,66
932,alicaspv,Amandy Licas,3/16/1951,Female,49
933,bchalklypw,Bevon Chalkly,11/7/1962,Male,81
934,jbeardsleypx,Joni Beardsley,8/15/2015,Genderqueer,66
935,bbadampy,Beale Badam,1/16/1994,Male,24
936,tgendrickepz,Thea Gendricke,5/19/1967,Female,35
937,wfockeq0,Wash Focke,11/28/1993,Male,20
938,vbickerq1,Vivi Bicker,6/26/2008,Non-binary,26
939,phaironq2,Page Hairon,11/14/1993,Male,46
940,asherbrookq3,Anderea Sherbrook,5/31/1973,Bigender,5
941,jbyerq4,Jeni Byer,4/19/1961,Female,17
942,ahousleyq5,Andee Housley,8/11/1963,Female,37
943,cblindermannq6,Corny Blindermann,4/1/1955,Female,58
944,lcauderlieq7,Letitia Cauderlie,5/26/2002,Female,71
945,mkennionq8,Malvina Kennion,2/20/1970,Genderfluid,5
946,mkyneq9,Magda Kyne,1/20/2000,Female,44
947,clocktonqa,Consolata Lockton,2/17/1986,Female,90
948,ejoseffqb,Erastus Joseff,3/1/1997,Male,43
949,aveelersqc,Angeli Veelers,2/22/1974,Male,43
950,rbarenskiqd,Raffaello Barenski,8/3/2015,Male,22
951,jclemanceauqe,Jeanna Clemanceau,12/15/1975,Female,41
952,econlaundqf,Eilis Conlaund,5/1/1981,Female,50
953,jlandorqg,Jada Landor,11/26/2017,Female,67
954,awhorallqh,Annadiana Whorall,2/23/1969,Female,65
955,tbensteadqi,Tadd Benstead,12/1/2015,Genderqueer,88
956,rterrellqj,Reece Terrell,3/4/1994,Male,61
957,lgissingqk,Laryssa Gissing,8/15/1969,Female,82
958,ezimmermannsql,Ernestus Zimmermanns,8/5/1974,Male,92
959,gfreethqm,Geoffry Freeth,6/18/1952,Male,16
960,gslowanqn,Gordan Slowan,11/27/1968,Genderqueer,63
961,barkcollqo,Brock Arkcoll,2/7/1965,Male,25
962,lbreenqp,Leupold Breen,7/6/2014,Male,6
963,gmindenhallqq,Giustino Mindenhall,2/24/2000,Male,93
964,ebrotheridgeqr,Ephraim Brotheridge,8/5/1998,Male,71
965,avergineqs,Aldus Vergine,9/17/2013,Male,20
966,gkierqt,Glynis Kier,10/4/1959,Female,86
967,plordonqu,Peggi Lordon,5/31/1986,Female,82
968,rbarterqv,Rona Barter,1/30/2001,Female,16
969,gkleinplacqw,Glendon Kleinplac,6/18/1995,Male,10
970,ngarstanqx,Norrie Garstan,4/22/2004,Female,46
971,dcrudgingtonqy,Daron Crudgington,3/26/1954,Male,95
972,mmayceyqz,Marianne Maycey,8/26/2017,Female,1
973,bameyr0,Burg Amey,1/8/1962,Male,51
974,blever1,Bjorn Leve,6/29/1980,Male,96
975,fbeardowr2,Forest Beardow,3/8/1999,Male,58
976,kballantyner3,Kaitlynn Ballantyne,4/6/1989,Female,19
977,kdir4,Kandace Di Antonio,7/28/1963,Female,10
978,mbreinleinr5,Marci Breinlein,11/3/1995,Female,43
979,abrilr6,Antons Bril,12/31/2018,Male,61
980,nbradmanr7,Nicky Bradman,8/10/1953,Female,39
981,jdigginsonr8,Jeramie Digginson,7/7/1963,Bigender,26
982,jmacilwrickr9,Jourdan MacIlwrick,2/2/2007,Female,60
983,lbenedictora,Lucy Benedicto,6/13/1993,Female,83
984,afieldgaterb,Aurelia Fieldgate,10/16/1994,Female,94
985,wouldcottrc,Wilmar Ouldcott,4/20/1952,Male,91
986,krossrd,Karlik Ross,11/10/1979,Genderfluid,43
987,kizzardre,Kahaleel Izzard,4/25/1953,Male,27
988,mhorsfieldrf,Mikaela Horsfield,2/16/1976,Female,26
989,dpepinrg,Deny Pepin,6/25/1950,Female,57
990,gpoperh,Gaylord Pope,10/31/1980,Male,55
991,nnorewoodri,Nina Norewood,10/26/2008,Female,52
992,cjeckellrj,Clyve Jeckell,1/6/2000,Male,99
993,nyashnovrk,Nananne Yashnov,4/5/1958,Female,82
994,dgilbriderl,Denni Gilbride,7/3/1985,Bigender,41
995,enussgenrm,Estel Nussgen,11/28/2007,Female,30
996,chappsrn,Caro Happs,7/6/2020,Non-binary,35
997,mtwohigro,Morey Twohig,8/19/2012,Male,79
998,dinsealrp,Devora Inseal,8/21/1968,Female,59
999,ktextonrq,Korney Texton,11/17/1984,Female,91
1000,pconcannonrr,Phaidra Concannon,11/16/1987,Non-binary,79
